{"errors":[],"warnings":[],"namedChunkGroups":{"app":{"chunks":[29,8],"assets":["webpack-runtime-dd09b6d11e8e3477516e.js","webpack-runtime-dd09b6d11e8e3477516e.js.map","app-d5b9d279b32f75428798.js","app-d5b9d279b32f75428798.js.map"],"children":{},"childAssets":{}},"component---node-modules-gatsby-plugin-offline-app-shell-js":{"chunks":[9],"assets":["component---node-modules-gatsby-plugin-offline-app-shell-js-06ba904cc128038958e6.js","component---node-modules-gatsby-plugin-offline-app-shell-js-06ba904cc128038958e6.js.map"],"children":{},"childAssets":{}},"component---src-templates-releases-jsx":{"chunks":[0,3,30,1,27],"assets":["0-18b4d31747e709cbf729.js","0-18b4d31747e709cbf729.js.map","3.98044a247f0e1e5af3b4.css","3-b8d73506aa6855ba97b6.js","3-b8d73506aa6855ba97b6.js.map","30-7473ecf96f126e6950ee.js","30-7473ecf96f126e6950ee.js.map","1-0d94a8a980a542836eae.js","1-0d94a8a980a542836eae.js.map","component---src-templates-releases-jsx.e430e999a101c5b438a4.css","component---src-templates-releases-jsx-da63e4ca66e76fdd195a.js","component---src-templates-releases-jsx-da63e4ca66e76fdd195a.js.map"],"children":{},"childAssets":{}},"component---src-templates-content-jsx":{"chunks":[0,3,4,1,25],"assets":["0-18b4d31747e709cbf729.js","0-18b4d31747e709cbf729.js.map","3.98044a247f0e1e5af3b4.css","3-b8d73506aa6855ba97b6.js","3-b8d73506aa6855ba97b6.js.map","4-4e6da3ba93663f6180fa.js","4-4e6da3ba93663f6180fa.js.map","1-0d94a8a980a542836eae.js","1-0d94a8a980a542836eae.js.map","component---src-templates-content-jsx.58f3653d0122f66a689a.css","component---src-templates-content-jsx-2006e558d1181d50ca0b.js","component---src-templates-content-jsx-2006e558d1181d50ca0b.js.map"],"children":{},"childAssets":{}},"component---src-templates-overview-jsx":{"chunks":[0,3,4,1,26],"assets":["0-18b4d31747e709cbf729.js","0-18b4d31747e709cbf729.js.map","3.98044a247f0e1e5af3b4.css","3-b8d73506aa6855ba97b6.js","3-b8d73506aa6855ba97b6.js.map","4-4e6da3ba93663f6180fa.js","4-4e6da3ba93663f6180fa.js.map","1-0d94a8a980a542836eae.js","1-0d94a8a980a542836eae.js.map","component---src-templates-overview-jsx.62842cc749ef55b059d5.css","component---src-templates-overview-jsx-ab6be4d9c0510d950c0c.js","component---src-templates-overview-jsx-ab6be4d9c0510d950c0c.js.map"],"children":{},"childAssets":{}},"component---src-templates-category-jsx":{"chunks":[0,3,4,1,24],"assets":["0-18b4d31747e709cbf729.js","0-18b4d31747e709cbf729.js.map","3.98044a247f0e1e5af3b4.css","3-b8d73506aa6855ba97b6.js","3-b8d73506aa6855ba97b6.js.map","4-4e6da3ba93663f6180fa.js","4-4e6da3ba93663f6180fa.js.map","1-0d94a8a980a542836eae.js","1-0d94a8a980a542836eae.js.map","component---src-templates-category-jsx.0d8a0a0991de9578a768.css","component---src-templates-category-jsx-78386b1d32c51cebaca0.js","component---src-templates-category-jsx-78386b1d32c51cebaca0.js.map"],"children":{},"childAssets":{}},"component---src-pages-404-js":{"chunks":[0,1,2,10],"assets":["0-18b4d31747e709cbf729.js","0-18b4d31747e709cbf729.js.map","1-0d94a8a980a542836eae.js","1-0d94a8a980a542836eae.js.map","2.1ab7a5105b1552deb49f.css","2-6db6de25f7dfecda1830.js","2-6db6de25f7dfecda1830.js.map","component---src-pages-404-js.98044a247f0e1e5af3b4.css","component---src-pages-404-js-28b53fe089a49cc0c7a1.js","component---src-pages-404-js-28b53fe089a49cc0c7a1.js.map"],"children":{},"childAssets":{}},"component---src-pages-about-jsx":{"chunks":[0,1,2,11],"assets":["0-18b4d31747e709cbf729.js","0-18b4d31747e709cbf729.js.map","1-0d94a8a980a542836eae.js","1-0d94a8a980a542836eae.js.map","2.1ab7a5105b1552deb49f.css","2-6db6de25f7dfecda1830.js","2-6db6de25f7dfecda1830.js.map","component---src-pages-about-jsx.98044a247f0e1e5af3b4.css","component---src-pages-about-jsx-5f07cba614e135e217e5.js","component---src-pages-about-jsx-5f07cba614e135e217e5.js.map"],"children":{},"childAssets":{}},"component---src-pages-index-jsx":{"chunks":[0,1,2,5,12],"assets":["0-18b4d31747e709cbf729.js","0-18b4d31747e709cbf729.js.map","1-0d94a8a980a542836eae.js","1-0d94a8a980a542836eae.js.map","2.1ab7a5105b1552deb49f.css","2-6db6de25f7dfecda1830.js","2-6db6de25f7dfecda1830.js.map","5.98044a247f0e1e5af3b4.css","5-80f05fc6a36e0dc6fbbb.js","5-80f05fc6a36e0dc6fbbb.js.map","component---src-pages-index-jsx-6eea49e63b9e70a3717b.js","component---src-pages-index-jsx-6eea49e63b9e70a3717b.js.map"],"children":{},"childAssets":{}},"component---src-pages-myapps-configurator-index-js":{"chunks":[0,6,31,1,13],"assets":["0-18b4d31747e709cbf729.js","0-18b4d31747e709cbf729.js.map","6.98044a247f0e1e5af3b4.css","6-b2e257af0d4a8b0130f6.js","6-b2e257af0d4a8b0130f6.js.map","31-8e611b44a72ee6b97fc9.js","31-8e611b44a72ee6b97fc9.js.map","1-0d94a8a980a542836eae.js","1-0d94a8a980a542836eae.js.map","component---src-pages-myapps-configurator-index-js.161bfcd5706eb7c1ca4e.css","component---src-pages-myapps-configurator-index-js-059e30ee824e7d0e4331.js","component---src-pages-myapps-configurator-index-js-059e30ee824e7d0e4331.js.map"],"children":{},"childAssets":{}},"component---src-pages-myapps-detail-js":{"chunks":[0,6,1,2,14],"assets":["0-18b4d31747e709cbf729.js","0-18b4d31747e709cbf729.js.map","6.98044a247f0e1e5af3b4.css","6-b2e257af0d4a8b0130f6.js","6-b2e257af0d4a8b0130f6.js.map","1-0d94a8a980a542836eae.js","1-0d94a8a980a542836eae.js.map","2.1ab7a5105b1552deb49f.css","2-6db6de25f7dfecda1830.js","2-6db6de25f7dfecda1830.js.map","component---src-pages-myapps-detail-js.8e5b7746260e39b6ca4b.css","component---src-pages-myapps-detail-js-844091154d1d71265aa3.js","component---src-pages-myapps-detail-js-844091154d1d71265aa3.js.map"],"children":{},"childAssets":{}},"component---src-pages-myapps-getstarted-js":{"chunks":[0,1,15],"assets":["0-18b4d31747e709cbf729.js","0-18b4d31747e709cbf729.js.map","1-0d94a8a980a542836eae.js","1-0d94a8a980a542836eae.js.map","component---src-pages-myapps-getstarted-js.8e5b7746260e39b6ca4b.css","component---src-pages-myapps-getstarted-js-a6fe8c11cee2af1db326.js","component---src-pages-myapps-getstarted-js-a6fe8c11cee2af1db326.js.map"],"children":{},"childAssets":{}},"component---src-pages-myapps-index-js":{"chunks":[0,1,2,16],"assets":["0-18b4d31747e709cbf729.js","0-18b4d31747e709cbf729.js.map","1-0d94a8a980a542836eae.js","1-0d94a8a980a542836eae.js.map","2.1ab7a5105b1552deb49f.css","2-6db6de25f7dfecda1830.js","2-6db6de25f7dfecda1830.js.map","component---src-pages-myapps-index-js.fa917c0212c5e8b10e94.css","component---src-pages-myapps-index-js-4d67df79c78f23db38a5.js","component---src-pages-myapps-index-js-4d67df79c78f23db38a5.js.map"],"children":{},"childAssets":{}},"component---src-pages-myapps-list-js":{"chunks":[0,1,2,17],"assets":["0-18b4d31747e709cbf729.js","0-18b4d31747e709cbf729.js.map","1-0d94a8a980a542836eae.js","1-0d94a8a980a542836eae.js.map","2.1ab7a5105b1552deb49f.css","2-6db6de25f7dfecda1830.js","2-6db6de25f7dfecda1830.js.map","component---src-pages-myapps-list-js.fa917c0212c5e8b10e94.css","component---src-pages-myapps-list-js-438a2258678f4d733546.js","component---src-pages-myapps-list-js-438a2258678f4d733546.js.map"],"children":{},"childAssets":{}},"component---src-pages-myapps-sample-code-js":{"chunks":[0,1,18],"assets":["0-18b4d31747e709cbf729.js","0-18b4d31747e709cbf729.js.map","1-0d94a8a980a542836eae.js","1-0d94a8a980a542836eae.js.map","component---src-pages-myapps-sample-code-js.8e5b7746260e39b6ca4b.css","component---src-pages-myapps-sample-code-js-fbfd0dcdb39b28f3585c.js","component---src-pages-myapps-sample-code-js-fbfd0dcdb39b28f3585c.js.map"],"children":{},"childAssets":{}},"component---src-pages-server-index-jsx":{"chunks":[0,1,2,5,19],"assets":["0-18b4d31747e709cbf729.js","0-18b4d31747e709cbf729.js.map","1-0d94a8a980a542836eae.js","1-0d94a8a980a542836eae.js.map","2.1ab7a5105b1552deb49f.css","2-6db6de25f7dfecda1830.js","2-6db6de25f7dfecda1830.js.map","5.98044a247f0e1e5af3b4.css","5-80f05fc6a36e0dc6fbbb.js","5-80f05fc6a36e0dc6fbbb.js.map","component---src-pages-server-index-jsx-ebd72b301eb7dfe494b9.js","component---src-pages-server-index-jsx-ebd72b301eb7dfe494b9.js.map"],"children":{},