{"errors":[],"warnings":[],"namedChunkGroups":{"app":{"chunks":[29,8],"assets":["webpack-runtime-7faf2a81a91392442296.js","webpack-runtime-7faf2a81a91392442296.js.map","app-f9d7906a788febddedf1.js","app-f9d7906a788febddedf1.js.map"],"children":{},"childAssets":{}},"component---node-modules-gatsby-plugin-offline-app-shell-js":{"chunks":[9],"assets":["component---node-modules-gatsby-plugin-offline-app-shell-js-06ba904cc128038958e6.js","component---node-modules-gatsby-plugin-offline-app-shell-js-06ba904cc128038958e6.js.map"],"children":{},"childAssets":{}},"component---src-templates-releases-jsx":{"chunks":[0,3,30,1,27],"assets":["0-4470ab6c255eab7a1ac9.js","0-4470ab6c255eab7a1ac9.js.map","3.98044a247f0e1e5af3b4.css","3-6757d2170b6f292f31c7.js","3-6757d2170b6f292f31c7.js.map","30-dbc147d2805af4acfb8c.js","30-dbc147d2805af4acfb8c.js.map","1-8dea6fb7fa52cfbf921a.js","1-8dea6fb7fa52cfbf921a.js.map","component---src-templates-releases-jsx.e430e999a101c5b438a4.css","component---src-templates-releases-jsx-c4f6ea3113764d5ee114.js","component---src-templates-releases-jsx-c4f6ea3113764d5ee114.js.map"],"children":{},"childAssets":{}},"component---src-templates-content-jsx":{"chunks":[0,3,4,1,25],"assets":["0-4470ab6c255eab7a1ac9.js","0-4470ab6c255eab7a1ac9.js.map","3.98044a247f0e1e5af3b4.css","3-6757d2170b6f292f31c7.js","3-6757d2170b6f292f31c7.js.map","4-940a135dc3e841f388fd.js","4-940a135dc3e841f388fd.js.map","1-8dea6fb7fa52cfbf921a.js","1-8dea6fb7fa52cfbf921a.js.map","component---src-templates-content-jsx.58f3653d0122f66a689a.css","component---src-templates-content-jsx-e5b421a91b1b16b21042.js","component---src-templates-content-jsx-e5b421a91b1b16b21042.js.map"],"children":{},"childAssets":{}},"component---src-templates-overview-jsx":{"chunks":[0,3,4,1,26],"assets":["0-4470ab6c255eab7a1ac9.js","0-4470ab6c255eab7a1ac9.js.map","3.98044a247f0e1e5af3b4.css","3-6757d2170b6f292f31c7.js","3-6757d2170b6f292f31c7.js.map","4-940a135dc3e841f388fd.js","4-940a135dc3e841f388fd.js.map","1-8dea6fb7fa52cfbf921a.js","1-8dea6fb7fa52cfbf921a.js.map","component---src-templates-overview-jsx.62842cc749ef55b059d5.css","component---src-templates-overview-jsx-d3a3803a5d5f611fc77d.js","component---src-templates-overview-jsx-d3a3803a5d5f611fc77d.js.map"],"children":{},"childAssets":{}},"component---src-templates-category-jsx":{"chunks":[0,3,4,1,24],"assets":["0-4470ab6c255eab7a1ac9.js","0-4470ab6c255eab7a1ac9.js.map","3.98044a247f0e1e5af3b4.css","3-6757d2170b6f292f31c7.js","3-6757d2170b6f292f31c7.js.map","4-940a135dc3e841f388fd.js","4-940a135dc3e841f388fd.js.map","1-8dea6fb7fa52cfbf921a.js","1-8dea6fb7fa52cfbf921a.js.map","component---src-templates-category-jsx.0d8a0a0991de9578a768.css","component---src-templates-category-jsx-1a6a1999b7146144eeef.js","component---src-templates-category-jsx-1a6a1999b7146144eeef.js.map"],"children":{},"childAssets":{}},"component---src-pages-404-js":{"chunks":[0,1,2,10],"assets":["0-4470ab6c255eab7a1ac9.js","0-4470ab6c255eab7a1ac9.js.map","1-8dea6fb7fa52cfbf921a.js","1-8dea6fb7fa52cfbf921a.js.map","2.1ab7a5105b1552deb49f.css","2-fc248303f1d7230ab073.js","2-fc248303f1d7230ab073.js.map","component---src-pages-404-js.98044a247f0e1e5af3b4.css","component---src-pages-404-js-6cea5c6a8c0372670eb1.js","component---src-pages-404-js-6cea5c6a8c0372670eb1.js.map"],"children":{},"childAssets":{}},"component---src-pages-about-jsx":{"chunks":[0,1,2,11],"assets":["0-4470ab6c255eab7a1ac9.js","0-4470ab6c255eab7a1ac9.js.map","1-8dea6fb7fa52cfbf921a.js","1-8dea6fb7fa52cfbf921a.js.map","2.1ab7a5105b1552deb49f.css","2-fc248303f1d7230ab073.js","2-fc248303f1d7230ab073.js.map","component---src-pages-about-jsx.98044a247f0e1e5af3b4.css","component---src-pages-about-jsx-16ddc9f16a85c5f743a8.js","component---src-pages-about-jsx-16ddc9f16a85c5f743a8.js.map"],"children":{},"childAssets":{}},"component---src-pages-index-jsx":{"chunks":[0,1,2,5,12],"assets":["0-4470ab6c255eab7a1ac9.js","0-4470ab6c255eab7a1ac9.js.map","1-8dea6fb7fa52cfbf921a.js","1-8dea6fb7fa52cfbf921a.js.map","2.1ab7a5105b1552deb49f.css","2-fc248303f1d7230ab073.js","2-fc248303f1d7230ab073.js.map","5.98044a247f0e1e5af3b4.css","5-04bc5acd035be622644a.js","5-04bc5acd035be622644a.js.map","component---src-pages-index-jsx-fd17d7810619daee8cc0.js","component---src-pages-index-jsx-fd17d7810619daee8cc0.js.map"],"children":{},"childAssets":{}},"component---src-pages-myapps-configurator-index-js":{"chunks":[0,6,31,1,13],"assets":["0-4470ab6c255eab7a1ac9.js","0-4470ab6c255eab7a1ac9.js.map","6.98044a247f0e1e5af3b4.css","6-0abcb366344d4cb799fe.js","6-0abcb366344d4cb799fe.js.map","31-49b437d443c57edda18a.js","31-49b437d443c57edda18a.js.map","1-8dea6fb7fa52cfbf921a.js","1-8dea6fb7fa52cfbf921a.js.map","component---src-pages-myapps-configurator-index-js.161bfcd5706eb7c1ca4e.css","component---src-pages-myapps-configurator-index-js-f18855c2e243d62c984f.js","component---src-pages-myapps-configurator-index-js-f18855c2e243d62c984f.js.map"],"children":{},"childAssets":{}},"component---src-pages-myapps-detail-js":{"chunks":[0,6,1,2,14],"assets":["0-4470ab6c255eab7a1ac9.js","0-4470ab6c255eab7a1ac9.js.map","6.98044a247f0e1e5af3b4.css","6-0abcb366344d4cb799fe.js","6-0abcb366344d4cb799fe.js.map","1-8dea6fb7fa52cfbf921a.js","1-8dea6fb7fa52cfbf921a.js.map","2.1ab7a5105b1552deb49f.css","2-fc248303f1d7230ab073.js","2-fc248303f1d7230ab073.js.map","component---src-pages-myapps-detail-js.8e5b7746260e39b6ca4b.css","component---src-pages-myapps-detail-js-90e36a15ef492765f060.js","component---src-pages-myapps-detail-js-90e36a15ef492765f060.js.map"],"children":{},"childAssets":{}},"component---src-pages-myapps-getstarted-js":{"chunks":[0,1,15],"assets":["0-4470ab6c255eab7a1ac9.js","0-4470ab6c255eab7a1ac9.js.map","1-8dea6fb7fa52cfbf921a.js","1-8dea6fb7fa52cfbf921a.js.map","component---src-pages-myapps-getstarted-js.8e5b7746260e39b6ca4b.css","component---src-pages-myapps-getstarted-js-242683b7a7bbac0fa592.js","component---src-pages-myapps-getstarted-js-242683b7a7bbac0fa592.js.map"],"children":{},"childAssets":{}},"component---src-pages-myapps-index-js":{"chunks":[0,1,2,16],"assets":["0-4470ab6c255eab7a1ac9.js","0-4470ab6c255eab7a1ac9.js.map","1-8dea6fb7fa52cfbf921a.js","1-8dea6fb7fa52cfbf921a.js.map","2.1ab7a5105b1552deb49f.css","2-fc248303f1d7230ab073.js","2-fc248303f1d7230ab073.js.map","component---src-pages-myapps-index-js.fa917c0212c5e8b10e94.css","component---src-pages-myapps-index-js-a6a5f1c50a139e863bae.js","component---src-pages-myapps-index-js-a6a5f1c50a139e863bae.js.map"],"children":{},"childAssets":{}},"component---src-pages-myapps-list-js":{"chunks":[0,1,2,17],"assets":["0-4470ab6c255eab7a1ac9.js","0-4470ab6c255eab7a1ac9.js.map","1-8dea6fb7fa52cfbf921a.js","1-8dea6fb7fa52cfbf921a.js.map","2.1ab7a5105b1552deb49f.css","2-fc248303f1d7230ab073.js","2-fc248303f1d7230ab073.js.map","component---src-pages-myapps-list-js.fa917c0212c5e8b10e94.css","component---src-pages-myapps-list-js-ce2a757833ef2f150f8a.js","component---src-pages-myapps-list-js-ce2a757833ef2f150f8a.js.map"],"children":{},"childAssets":{}},"component---src-pages-myapps-sample-code-js":{"chunks":[0,1,18],"assets":["0-4470ab6c255eab7a1ac9.js","0-4470ab6c255eab7a1ac9.js.map","1-8dea6fb7fa52cfbf921a.js","1-8dea6fb7fa52cfbf921a.js.map","component---src-pages-myapps-sample-code-js.8e5b7746260e39b6ca4b.css","component---src-pages-myapps-sample-code-js-12aabd3d85dcb627a4cf.js","component---src-pages-myapps-sample-code-js-12aabd3d85dcb627a4cf.js.map"],"children":{},"childAssets":{}},"component---src-pages-server-index-jsx":{"chunks":[0,1,2,5,19],"assets":["0-4470ab6c255eab7a1ac9.js","0-4470ab6c255eab7a1ac9.js.map","1-8dea6fb7fa52cfbf921a.js","1-8dea6fb7fa52cfbf921a.js.map","2.1ab7a5105b1552deb49f.css","2-fc248303f1d7230ab073.js","2-fc248303f1d7230ab073.js.map","5.98044a247f0e1e5af3b4.css","5-04bc5acd035be622644a.js","5-04bc5acd035be622644a.js.map","component---src-pages-server-index-jsx-8d46e0cf8854704e9e75.js","component---src-pages-server-index-jsx-8d46e0cf8854704e9e75.js.map"],"children":{},