{"errors":[],"warnings":[],"namedChunkGroups":{"app":{"chunks":[29,8],"assets":["webpack-runtime-33adbe6f3199d7fe7f9e.js","webpack-runtime-33adbe6f3199d7fe7f9e.js.map","app-e10c2040ed39cc5218aa.js","app-e10c2040ed39cc5218aa.js.map"],"children":{},"childAssets":{}},"component---node-modules-gatsby-plugin-offline-app-shell-js":{"chunks":[9],"assets":["component---node-modules-gatsby-plugin-offline-app-shell-js-a8772eee3799d23ec9e2.js","component---node-modules-gatsby-plugin-offline-app-shell-js-a8772eee3799d23ec9e2.js.map"],"children":{},"childAssets":{}},"component---src-templates-releases-jsx":{"chunks":[0,3,30,1,27],"assets":["0-70c04c66bea7ad2c97f7.js","0-70c04c66bea7ad2c97f7.js.map","3.98044a247f0e1e5af3b4.css","3-796e31f97e0e0b02cfbc.js","3-796e31f97e0e0b02cfbc.js.map","30-b529369efa82333141d5.js","30-b529369efa82333141d5.js.map","1-09ac546156395cb97c8b.js","1-09ac546156395cb97c8b.js.map","component---src-templates-releases-jsx.e430e999a101c5b438a4.css","component---src-templates-releases-jsx-48d341ec25208232191f.js","component---src-templates-releases-jsx-48d341ec25208232191f.js.map"],"children":{},"childAssets":{}},"component---src-templates-content-jsx":{"chunks":[0,3,4,1,25],"assets":["0-70c04c66bea7ad2c97f7.js","0-70c04c66bea7ad2c97f7.js.map","3.98044a247f0e1e5af3b4.css","3-796e31f97e0e0b02cfbc.js","3-796e31f97e0e0b02cfbc.js.map","4-1408105a64b84b1bf152.js","4-1408105a64b84b1bf152.js.map","1-09ac546156395cb97c8b.js","1-09ac546156395cb97c8b.js.map","component---src-templates-content-jsx.58f3653d0122f66a689a.css","component---src-templates-content-jsx-b2d2135b5d32a28b31aa.js","component---src-templates-content-jsx-b2d2135b5d32a28b31aa.js.map"],"children":{},"childAssets":{}},"component---src-templates-overview-jsx":{"chunks":[0,3,4,1,26],"assets":["0-70c04c66bea7ad2c97f7.js","0-70c04c66bea7ad2c97f7.js.map","3.98044a247f0e1e5af3b4.css","3-796e31f97e0e0b02cfbc.js","3-796e31f97e0e0b02cfbc.js.map","4-1408105a64b84b1bf152.js","4-1408105a64b84b1bf152.js.map","1-09ac546156395cb97c8b.js","1-09ac546156395cb97c8b.js.map","component---src-templates-overview-jsx.62842cc749ef55b059d5.css","component---src-templates-overview-jsx-24f6faefdb35959288de.js","component---src-templates-overview-jsx-24f6faefdb35959288de.js.map"],"children":{},"childAssets":{}},"component---src-templates-category-jsx":{"chunks":[0,3,4,1,24],"assets":["0-70c04c66bea7ad2c97f7.js","0-70c04c66bea7ad2c97f7.js.map","3.98044a247f0e1e5af3b4.css","3-796e31f97e0e0b02cfbc.js","3-796e31f97e0e0b02cfbc.js.map","4-1408105a64b84b1bf152.js","4-1408105a64b84b1bf152.js.map","1-09ac546156395cb97c8b.js","1-09ac546156395cb97c8b.js.map","component---src-templates-category-jsx.0d8a0a0991de9578a768.css","component---src-templates-category-jsx-3000a238d684650132e4.js","component---src-templates-category-jsx-3000a238d684650132e4.js.map"],"children":{},"childAssets":{}},"component---src-pages-404-js":{"chunks":[0,1,2,10],"assets":["0-70c04c66bea7ad2c97f7.js","0-70c04c66bea7ad2c97f7.js.map","1-09ac546156395cb97c8b.js","1-09ac546156395cb97c8b.js.map","2.1ab7a5105b1552deb49f.css","2-1bb0d68811ad97e8097d.js","2-1bb0d68811ad97e8097d.js.map","component---src-pages-404-js.98044a247f0e1e5af3b4.css","component---src-pages-404-js-42131c0d215b7dc0299c.js","component---src-pages-404-js-42131c0d215b7dc0299c.js.map"],"children":{},"childAssets":{}},"component---src-pages-about-jsx":{"chunks":[0,1,2,11],"assets":["0-70c04c66bea7ad2c97f7.js","0-70c04c66bea7ad2c97f7.js.map","1-09ac546156395cb97c8b.js","1-09ac546156395cb97c8b.js.map","2.1ab7a5105b1552deb49f.css","2-1bb0d68811ad97e8097d.js","2-1bb0d68811ad97e8097d.js.map","component---src-pages-about-jsx.98044a247f0e1e5af3b4.css","component---src-pages-about-jsx-840c1bbc4f4ee7611a67.js","component---src-pages-about-jsx-840c1bbc4f4ee7611a67.js.map"],"children":{},"childAssets":{}},"component---src-pages-index-jsx":{"chunks":[0,1,2,5,12],"assets":["0-70c04c66bea7ad2c97f7.js","0-70c04c66bea7ad2c97f7.js.map","1-09ac546156395cb97c8b.js","1-09ac546156395cb97c8b.js.map","2.1ab7a5105b1552deb49f.css","2-1bb0d68811ad97e8097d.js","2-1bb0d68811ad97e8097d.js.map","5.98044a247f0e1e5af3b4.css","5-5034f3ce9af142b80c70.js","5-5034f3ce9af142b80c70.js.map","component---src-pages-index-jsx-cb69d8ddf00061fadcd3.js","component---src-pages-index-jsx-cb69d8ddf00061fadcd3.js.map"],"children":{},"childAssets":{}},"component---src-pages-myapps-configurator-index-js":{"chunks":[0,6,31,1,13],"assets":["0-70c04c66bea7ad2c97f7.js","0-70c04c66bea7ad2c97f7.js.map","6.98044a247f0e1e5af3b4.css","6-8b0c1195a269cd57cb9e.js","6-8b0c1195a269cd57cb9e.js.map","31-4c1164b0d1f3c659dac9.js","31-4c1164b0d1f3c659dac9.js.map","1-09ac546156395cb97c8b.js","1-09ac546156395cb97c8b.js.map","component---src-pages-myapps-configurator-index-js.161bfcd5706eb7c1ca4e.css","component---src-pages-myapps-configurator-index-js-3706ff14f46864776c15.js","component---src-pages-myapps-configurator-index-js-3706ff14f46864776c15.js.map"],"children":{},"childAssets":{}},"component---src-pages-myapps-detail-js":{"chunks":[0,6,1,2,14],"assets":["0-70c04c66bea7ad2c97f7.js","0-70c04c66bea7ad2c97f7.js.map","6.98044a247f0e1e5af3b4.css","6-8b0c1195a269cd57cb9e.js","6-8b0c1195a269cd57cb9e.js.map","1-09ac546156395cb97c8b.js","1-09ac546156395cb97c8b.js.map","2.1ab7a5105b1552deb49f.css","2-1bb0d68811ad97e8097d.js","2-1bb0d68811ad97e8097d.js.map","component---src-pages-myapps-detail-js.8e5b7746260e39b6ca4b.css","component---src-pages-myapps-detail-js-90e9d9f98219715ba0ea.js","component---src-pages-myapps-detail-js-90e9d9f98219715ba0ea.js.map"],"children":{},"childAssets":{}},"component---src-pages-myapps-getstarted-js":{"chunks":[0,1,15],"assets":["0-70c04c66bea7ad2c97f7.js","0-70c04c66bea7ad2c97f7.js.map","1-09ac546156395cb97c8b.js","1-09ac546156395cb97c8b.js.map","component---src-pages-myapps-getstarted-js.8e5b7746260e39b6ca4b.css","component---src-pages-myapps-getstarted-js-e9680d3ecff663b49aaf.js","component---src-pages-myapps-getstarted-js-e9680d3ecff663b49aaf.js.map"],"children":{},"childAssets":{}},"component---src-pages-myapps-index-js":{"chunks":[0,1,2,16],"assets":["0-70c04c66bea7ad2c97f7.js","0-70c04c66bea7ad2c97f7.js.map","1-09ac546156395cb97c8b.js","1-09ac546156395cb97c8b.js.map","2.1ab7a5105b1552deb49f.css","2-1bb0d68811ad97e8097d.js","2-1bb0d68811ad97e8097d.js.map","component---src-pages-myapps-index-js.fa917c0212c5e8b10e94.css","component---src-pages-myapps-index-js-cf456272b52af407e303.js","component---src-pages-myapps-index-js-cf456272b52af407e303.js.map"],"children":{},"childAssets":{}},"component---src-pages-myapps-list-js":{"chunks":[0,1,2,17],"assets":["0-70c04c66bea7ad2c97f7.js","0-70c04c66bea7ad2c97f7.js.map","1-09ac546156395cb97c8b.js","1-09ac546156395cb97c8b.js.map","2.1ab7a5105b1552deb49f.css","2-1bb0d68811ad97e8097d.js","2-1bb0d68811ad97e8097d.js.map","component---src-pages-myapps-list-js.fa917c0212c5e8b10e94.css","component---src-pages-myapps-list-js-2c372a1e79c4c3f9614d.js","component---src-pages-myapps-list-js-2c372a1e79c4c3f9614d.js.map"],"children":{},"childAssets":{}},"component---src-pages-myapps-sample-code-js":{"chunks":[0,1,18],"assets":["0-70c04c66bea7ad2c97f7.js","0-70c04c66bea7ad2c97f7.js.map","1-09ac546156395cb97c8b.js","1-09ac546156395cb97c8b.js.map","component---src-pages-myapps-sample-code-js.8e5b7746260e39b6ca4b.css","component---src-pages-myapps-sample-code-js-bcbbf5adf9b69172f5bf.js","component---src-pages-myapps-sample-code-js-bcbbf5adf9b69172f5bf.js.map"],"children":{},"childAssets":{}},"component---src-pages-server-index-jsx":{"chunks":[0,1,2,5,19],"assets":["0-70c04c66bea7ad2c97f7.js","0-70c04c66bea7ad2c97f7.js.map","1-09ac546156395cb97c8b.js","1-09ac546156395cb97c8b.js.map","2.1ab7a5105b1552deb49f.css","2-1bb0d68811ad97e8097d.js","2-1bb0d68811ad97e8097d.js.map","5.98044a247f0e1e5af3b4.css","5-5034f3ce9af142b80c70.js","5-5034f3ce9af142b80c70.js.map","component---src-pages-server-index-jsx-0c2eeb10586006c4a4eb.js","component---src-pages-server-index-jsx-0c2eeb10586006c4a4eb.js.map"],"children":{},