{"errors":[],"warnings":[],"namedChunkGroups":{"app":{"chunks":[29,8],"assets":["webpack-runtime-52b34d249b30b9868f39.js","webpack-runtime-52b34d249b30b9868f39.js.map","app-508f416d3554816068e8.js","app-508f416d3554816068e8.js.map"],"children":{},"childAssets":{}},"component---node-modules-gatsby-plugin-offline-app-shell-js":{"chunks":[9],"assets":["component---node-modules-gatsby-plugin-offline-app-shell-js-a8772eee3799d23ec9e2.js","component---node-modules-gatsby-plugin-offline-app-shell-js-a8772eee3799d23ec9e2.js.map"],"children":{},"childAssets":{}},"component---src-templates-releases-jsx":{"chunks":[0,3,30,1,27],"assets":["0-db402a3d44869448c075.js","0-db402a3d44869448c075.js.map","3.98044a247f0e1e5af3b4.css","3-77e0247c398ff9f3f3a2.js","3-77e0247c398ff9f3f3a2.js.map","30-c43ee00a3c64f5fdb053.js","30-c43ee00a3c64f5fdb053.js.map","1-b87e2f4069d108b1a1e2.js","1-b87e2f4069d108b1a1e2.js.map","component---src-templates-releases-jsx.e430e999a101c5b438a4.css","component---src-templates-releases-jsx-453cf70a3544d247a383.js","component---src-templates-releases-jsx-453cf70a3544d247a383.js.map"],"children":{},"childAssets":{}},"component---src-templates-content-jsx":{"chunks":[0,3,4,1,25],"assets":["0-db402a3d44869448c075.js","0-db402a3d44869448c075.js.map","3.98044a247f0e1e5af3b4.css","3-77e0247c398ff9f3f3a2.js","3-77e0247c398ff9f3f3a2.js.map","4-b89de6979551a2dcfb08.js","4-b89de6979551a2dcfb08.js.map","1-b87e2f4069d108b1a1e2.js","1-b87e2f4069d108b1a1e2.js.map","component---src-templates-content-jsx.58f3653d0122f66a689a.css","component---src-templates-content-jsx-a8c8dc53e0d1ad422af9.js","component---src-templates-content-jsx-a8c8dc53e0d1ad422af9.js.map"],"children":{},"childAssets":{}},"component---src-templates-overview-jsx":{"chunks":[0,3,4,1,26],"assets":["0-db402a3d44869448c075.js","0-db402a3d44869448c075.js.map","3.98044a247f0e1e5af3b4.css","3-77e0247c398ff9f3f3a2.js","3-77e0247c398ff9f3f3a2.js.map","4-b89de6979551a2dcfb08.js","4-b89de6979551a2dcfb08.js.map","1-b87e2f4069d108b1a1e2.js","1-b87e2f4069d108b1a1e2.js.map","component---src-templates-overview-jsx.62842cc749ef55b059d5.css","component---src-templates-overview-jsx-2a968e7ec18600b84396.js","component---src-templates-overview-jsx-2a968e7ec18600b84396.js.map"],"children":{},"childAssets":{}},"component---src-templates-category-jsx":{"chunks":[0,3,4,1,24],"assets":["0-db402a3d44869448c075.js","0-db402a3d44869448c075.js.map","3.98044a247f0e1e5af3b4.css","3-77e0247c398ff9f3f3a2.js","3-77e0247c398ff9f3f3a2.js.map","4-b89de6979551a2dcfb08.js","4-b89de6979551a2dcfb08.js.map","1-b87e2f4069d108b1a1e2.js","1-b87e2f4069d108b1a1e2.js.map","component---src-templates-category-jsx.d44a0e9174f515312068.css","component---src-templates-category-jsx-12d9c8a2c198b9d01d00.js","component---src-templates-category-jsx-12d9c8a2c198b9d01d00.js.map"],"children":{},"childAssets":{}},"component---src-pages-404-js":{"chunks":[0,1,2,10],"assets":["0-db402a3d44869448c075.js","0-db402a3d44869448c075.js.map","1-b87e2f4069d108b1a1e2.js","1-b87e2f4069d108b1a1e2.js.map","2.1ab7a5105b1552deb49f.css","2-1bb0d68811ad97e8097d.js","2-1bb0d68811ad97e8097d.js.map","component---src-pages-404-js.98044a247f0e1e5af3b4.css","component---src-pages-404-js-38b77c209f7912c3542c.js","component---src-pages-404-js-38b77c209f7912c3542c.js.map"],"children":{},"childAssets":{}},"component---src-pages-about-jsx":{"chunks":[0,1,2,11],"assets":["0-db402a3d44869448c075.js","0-db402a3d44869448c075.js.map","1-b87e2f4069d108b1a1e2.js","1-b87e2f4069d108b1a1e2.js.map","2.1ab7a5105b1552deb49f.css","2-1bb0d68811ad97e8097d.js","2-1bb0d68811ad97e8097d.js.map","component---src-pages-about-jsx.98044a247f0e1e5af3b4.css","component---src-pages-about-jsx-840c1bbc4f4ee7611a67.js","component---src-pages-about-jsx-840c1bbc4f4ee7611a67.js.map"],"children":{},"childAssets":{}},"component---src-pages-index-jsx":{"chunks":[0,1,2,5,12],"assets":["0-db402a3d44869448c075.js","0-db402a3d44869448c075.js.map","1-b87e2f4069d108b1a1e2.js","1-b87e2f4069d108b1a1e2.js.map","2.1ab7a5105b1552deb49f.css","2-1bb0d68811ad97e8097d.js","2-1bb0d68811ad97e8097d.js.map","5.98044a247f0e1e5af3b4.css","5-aa80b3743534f1c11ce2.js","5-aa80b3743534f1c11ce2.js.map","component---src-pages-index-jsx-3e234135713f062894c3.js","component---src-pages-index-jsx-3e234135713f062894c3.js.map"],"children":{},"childAssets":{}},"component---src-pages-myapps-configurator-index-js":{"chunks":[0,6,31,1,13],"assets":["0-db402a3d44869448c075.js","0-db402a3d44869448c075.js.map","6.98044a247f0e1e5af3b4.css","6-4215b18e2da0812f5322.js","6-4215b18e2da0812f5322.js.map","31-b40052e026e04e624b3e.js","31-b40052e026e04e624b3e.js.map","1-b87e2f4069d108b1a1e2.js","1-b87e2f4069d108b1a1e2.js.map","component---src-pages-myapps-configurator-index-js.161bfcd5706eb7c1ca4e.css","component---src-pages-myapps-configurator-index-js-aad0cdbf02d5bd34be12.js","component---src-pages-myapps-configurator-index-js-aad0cdbf02d5bd34be12.js.map"],"children":{},"childAssets":{}},"component---src-pages-myapps-detail-js":{"chunks":[0,6,1,2,14],"assets":["0-db402a3d44869448c075.js","0-db402a3d44869448c075.js.map","6.98044a247f0e1e5af3b4.css","6-4215b18e2da0812f5322.js","6-4215b18e2da0812f5322.js.map","1-b87e2f4069d108b1a1e2.js","1-b87e2f4069d108b1a1e2.js.map","2.1ab7a5105b1552deb49f.css","2-1bb0d68811ad97e8097d.js","2-1bb0d68811ad97e8097d.js.map","component---src-pages-myapps-detail-js.8e5b7746260e39b6ca4b.css","component---src-pages-myapps-detail-js-f824ad03c1e3e6d3a621.js","component---src-pages-myapps-detail-js-f824ad03c1e3e6d3a621.js.map"],"children":{},"childAssets":{}},"component---src-pages-myapps-getstarted-js":{"chunks":[0,1,15],"assets":["0-db402a3d44869448c075.js","0-db402a3d44869448c075.js.map","1-b87e2f4069d108b1a1e2.js","1-b87e2f4069d108b1a1e2.js.map","component---src-pages-myapps-getstarted-js.8e5b7746260e39b6ca4b.css","component---src-pages-myapps-getstarted-js-f2b59323362c8b7ef95f.js","component---src-pages-myapps-getstarted-js-f2b59323362c8b7ef95f.js.map"],"children":{},"childAssets":{}},"component---src-pages-myapps-index-js":{"chunks":[0,1,2,16],"assets":["0-db402a3d44869448c075.js","0-db402a3d44869448c075.js.map","1-b87e2f4069d108b1a1e2.js","1-b87e2f4069d108b1a1e2.js.map","2.1ab7a5105b1552deb49f.css","2-1bb0d68811ad97e8097d.js","2-1bb0d68811ad97e8097d.js.map","component---src-pages-myapps-index-js.fa917c0212c5e8b10e94.css","component---src-pages-myapps-index-js-f197cf06b81dac0e0e65.js","component---src-pages-myapps-index-js-f197cf06b81dac0e0e65.js.map"],"children":{},"childAssets":{}},"component---src-pages-myapps-list-js":{"chunks":[0,1,2,17],"assets":["0-db402a3d44869448c075.js","0-db402a3d44869448c075.js.map","1-b87e2f4069d108b1a1e2.js","1-b87e2f4069d108b1a1e2.js.map","2.1ab7a5105b1552deb49f.css","2-1bb0d68811ad97e8097d.js","2-1bb0d68811ad97e8097d.js.map","component---src-pages-myapps-list-js.fa917c0212c5e8b10e94.css","component---src-pages-myapps-list-js-26a134feef84d217db8e.js","component---src-pages-myapps-list-js-26a134feef84d217db8e.js.map"],"children":{},"childAssets":{}},"component---src-pages-myapps-sample-code-js":{"chunks":[0,1,18],"assets":["0-db402a3d44869448c075.js","0-db402a3d44869448c075.js.map","1-b87e2f4069d108b1a1e2.js","1-b87e2f4069d108b1a1e2.js.map","component---src-pages-myapps-sample-code-js.8e5b7746260e39b6ca4b.css","component---src-pages-myapps-sample-code-js-ac2fa8cda7ac322b2b70.js","component---src-pages-myapps-sample-code-js-ac2fa8cda7ac322b2b70.js.map"],"children":{},"childAssets":{}},"component---src-pages-server-index-jsx":{"chunks":[0,1,2,5,19],"assets":["0-db402a3d44869448c075.js","0-db402a3d44869448c075.js.map","1-b87e2f4069d108b1a1e2.js","1-b87e2f4069d108b1a1e2.js.map","2.1ab7a5105b1552deb49f.css","2-1bb0d68811ad97e8097d.js","2-1bb0d68811ad97e8097d.js.map","5.98044a247f0e1e5af3b4.css","5-aa80b3743534f1c11ce2.js","5-aa80b3743534f1c11ce2.js.map","component---src-pages-server-index-jsx-edf06a4f815e5d59a6b7.js","component---src-pages-server-index-jsx-edf06a4f815e5d59a6b7.js.map"],"children":{},