{"errors":[],"warnings":[],"namedChunkGroups":{"app":{"chunks":[25,6],"assets":["webpack-runtime-307b8173604812283fb1.js","webpack-runtime-307b8173604812283fb1.js.map","app-e117072e6273fa264e42.js","app-e117072e6273fa264e42.js.map"],"children":{},"childAssets":{}},"component---node-modules-gatsby-plugin-offline-app-shell-js":{"chunks":[7],"assets":["component---node-modules-gatsby-plugin-offline-app-shell-js-0fc307a2dc22d2bbe19d.js","component---node-modules-gatsby-plugin-offline-app-shell-js-0fc307a2dc22d2bbe19d.js.map"],"children":{},"childAssets":{}},"component---src-templates-content-jsx":{"chunks":[0,4,1,2,22],"assets":["0-349701b23507232e357c.js","0-349701b23507232e357c.js.map","4.98044a247f0e1e5af3b4.css","4-0fa3f4c87d6cce9656e8.js","4-0fa3f4c87d6cce9656e8.js.map","1-af6d840ee877b4ead7bd.js","1-af6d840ee877b4ead7bd.js.map","2.01925484b23934bd23fe.css","2-ec4b0c847b5eee35b2fe.js","2-ec4b0c847b5eee35b2fe.js.map","component---src-templates-content-jsx-c1e8dae5ee82715a3639.js","component---src-templates-content-jsx-c1e8dae5ee82715a3639.js.map"],"children":{},"childAssets":{}},"component---src-templates-overview-jsx":{"chunks":[0,4,1,2,23],"assets":["0-349701b23507232e357c.js","0-349701b23507232e357c.js.map","4.98044a247f0e1e5af3b4.css","4-0fa3f4c87d6cce9656e8.js","4-0fa3f4c87d6cce9656e8.js.map","1-af6d840ee877b4ead7bd.js","1-af6d840ee877b4ead7bd.js.map","2.01925484b23934bd23fe.css","2-ec4b0c847b5eee35b2fe.js","2-ec4b0c847b5eee35b2fe.js.map","component---src-templates-overview-jsx-13227b7790fb95ebaf1d.js","component---src-templates-overview-jsx-13227b7790fb95ebaf1d.js.map"],"children":{},"childAssets":{}},"component---src-templates-category-jsx":{"chunks":[0,4,1,2,21],"assets":["0-349701b23507232e357c.js","0-349701b23507232e357c.js.map","4.98044a247f0e1e5af3b4.css","4-0fa3f4c87d6cce9656e8.js","4-0fa3f4c87d6cce9656e8.js.map","1-af6d840ee877b4ead7bd.js","1-af6d840ee877b4ead7bd.js.map","2.01925484b23934bd23fe.css","2-ec4b0c847b5eee35b2fe.js","2-ec4b0c847b5eee35b2fe.js.map","component---src-templates-category-jsx-f647c179b3bfd6cb33d6.js","component---src-templates-category-jsx-f647c179b3bfd6cb33d6.js.map"],"children":{},"childAssets":{}},"component---src-pages-about-jsx":{"chunks":[0,1,2,8],"assets":["0-349701b23507232e357c.js","0-349701b23507232e357c.js.map","1-af6d840ee877b4ead7bd.js","1-af6d840ee877b4ead7bd.js.map","2.01925484b23934bd23fe.css","2-ec4b0c847b5eee35b2fe.js","2-ec4b0c847b5eee35b2fe.js.map","component---src-pages-about-jsx.98044a247f0e1e5af3b4.css","component---src-pages-about-jsx-3a2e185f1c293d7ba3ba.js","component---src-pages-about-jsx-3a2e185f1c293d7ba3ba.js.map"],"children":{},"childAssets":{}},"component---src-pages-index-jsx":{"chunks":[0,1,2,3,9],"assets":["0-349701b23507232e357c.js","0-349701b23507232e357c.js.map","1-af6d840ee877b4ead7bd.js","1-af6d840ee877b4ead7bd.js.map","2.01925484b23934bd23fe.css","2-ec4b0c847b5eee35b2fe.js","2-ec4b0c847b5eee35b2fe.js.map","3.98044a247f0e1e5af3b4.css","3-6760560b8459f896ccdb.js","3-6760560b8459f896ccdb.js.map","component---src-pages-index-jsx-5e0f2f5179d61d8d7e93.js","component---src-pages-index-jsx-5e0f2f5179d61d8d7e93.js.map"],"children":{},"childAssets":{}},"component---src-pages-myapps-configurator-index-js":{"chunks":[0,5,26,1,10],"assets":["0-349701b23507232e357c.js","0-349701b23507232e357c.js.map","5.98044a247f0e1e5af3b4.css","5-d8df2a875665872a8f4f.js","5-d8df2a875665872a8f4f.js.map","26-b9740ae92688fca6e77c.js","26-b9740ae92688fca6e77c.js.map","1-af6d840ee877b4ead7bd.js","1-af6d840ee877b4ead7bd.js.map","component---src-pages-myapps-configurator-index-js.3c496a95ecbbb6a69e43.css","component---src-pages-myapps-configurator-index-js-c212026997a0a821cd87.js","component---src-pages-myapps-configurator-index-js-c212026997a0a821cd87.js.map"],"children":{},"childAssets":{}},"component---src-pages-myapps-detail-js":{"chunks":[0,5,1,2,11],"assets":["0-349701b23507232e357c.js","0-349701b23507232e357c.js.map","5.98044a247f0e1e5af3b4.css","5-d8df2a875665872a8f4f.js","5-d8df2a875665872a8f4f.js.map","1-af6d840ee877b4ead7bd.js","1-af6d840ee877b4ead7bd.js.map","2.01925484b23934bd23fe.css","2-ec4b0c847b5eee35b2fe.js","2-ec4b0c847b5eee35b2fe.js.map","component---src-pages-myapps-detail-js.50c17fae2b40315ec19d.css","component---src-pages-myapps-detail-js-02e0e8e3cf0b07e8c6b4.js","component---src-pages-myapps-detail-js-02e0e8e3cf0b07e8c6b4.js.map"],"children":{},"childAssets":{}},"component---src-pages-myapps-getstarted-js":{"chunks":[0,1,12],"assets":["0-349701b23507232e357c.js","0-349701b23507232e357c.js.map","1-af6d840ee877b4ead7bd.js","1-af6d840ee877b4ead7bd.js.map","component---src-pages-myapps-getstarted-js.50c17fae2b40315ec19d.css","component---src-pages-myapps-getstarted-js-61ab3658ae229230a829.js","component---src-pages-myapps-getstarted-js-61ab3658ae229230a829.js.map"],"children":{},"childAssets":{}},"component---src-pages-myapps-index-js":{"chunks":[0,1,2,13],"assets":["0-349701b23507232e357c.js","0-349701b23507232e357c.js.map","1-af6d840ee877b4ead7bd.js","1-af6d840ee877b4ead7bd.js.map","2.01925484b23934bd23fe.css","2-ec4b0c847b5eee35b2fe.js","2-ec4b0c847b5eee35b2fe.js.map","component---src-pages-myapps-index-js.ab512318e77530ef4736.css","component---src-pages-myapps-index-js-9e9b977c7717fbc6723d.js","component---src-pages-myapps-index-js-9e9b977c7717fbc6723d.js.map"],"children":{},"childAssets":{}},"component---src-pages-myapps-list-js":{"chunks":[0,1,2,14],"assets":["0-349701b23507232e357c.js","0-349701b23507232e357c.js.map","1-af6d840ee877b4ead7bd.js","1-af6d840ee877b4ead7bd.js.map","2.01925484b23934bd23fe.css","2-ec4b0c847b5eee35b2fe.js","2-ec4b0c847b5eee35b2fe.js.map","component---src-pages-myapps-list-js.ab512318e77530ef4736.css","component---src-pages-myapps-list-js-14590199629a6e55a718.js","component---src-pages-myapps-list-js-14590199629a6e55a718.js.map"],"children":{},"childAssets":{}},"component---src-pages-myapps-sample-code-js":{"chunks":[0,1,15],"assets":["0-349701b23507232e357c.js","0-349701b23507232e357c.js.map","1-af6d840ee877b4ead7bd.js","1-af6d840ee877b4ead7bd.js.map","component---src-pages-myapps-sample-code-js.50c17fae2b40315ec19d.css","component---src-pages-myapps-sample-code-js-e4ce12ee0c54ef1f381d.js","component---src-pages-myapps-sample-code-js-e4ce12ee0c54ef1f381d.js.map"],"children":{},"childAssets":{}},"component---src-pages-server-index-jsx":{"chunks":[0,1,2,3,16],"assets":["0-349701b23507232e357c.js","0-349701b23507232e357c.js.map","1-af6d840ee877b4ead7bd.js","1-af6d840ee877b4ead7bd.js.map","2.01925484b23934bd23fe.css","2-ec4b0c847b5eee35b2fe.js","2-ec4b0c847b5eee35b2fe.js.map","3.98044a247f0e1e5af3b4.css","3-6760560b8459f896ccdb.js","3-6760560b8459f896ccdb.js.map","component---src-pages-server-index-jsx-e3e11d0fee0dcb25c6c5.js","component---src-pages-server-index-jsx-e3e11d0fee0dcb25c6c5.js.map"],"children":{},"childAssets":{}},"component---src-pages-server-login-index-jsx":{"chunks":[0,1,2,3,17],"assets":["0-349701b23507232e357c.js","0-349701b23507232e357c.js.map","1-af6d840ee877b4ead7bd.js","1-af6d840ee877b4ead7bd.js.map","2.01925484b23934bd23fe.css","2-ec4b0c847b5eee35b2fe.js","2-ec4b0c847b5eee35b2fe.js.map","3.98044a247f0e1e5af3b4.css","3-6760560b8459f896ccdb.js","3-6760560b8459f896ccdb.js.map","component---src-pages-server-login-index-jsx-862cadb9cec6f7675f50.js","component---src-pages-server-login-index-jsx-862cadb9cec6f7675f50.js.map"],"children":{},"childAssets":{}},"component---src-pages-server-verification-create-index-jsx":{"chunks":[0,1,2,3,18],"assets":["0-349701b23507232e357c.js","0-349701b23507232e357c.js.map","1-af6d840ee877b4ead7bd.js","1-af6d840ee877b4ead7bd.js.map","2.01925484b23934bd23fe.css","2-ec4b0c847b5eee35b2fe.js","2-ec4b0c847b5eee35b2fe.js.map","3.98044a247f0e1e5af3b4.css","3-6760560b8459f896ccdb.js","3-6760560b8459f896ccdb.js.map","component---src-pages-server-verification-create-index-jsx-84fd1deb30da63926e70.js","component---src-pages-server-verification-create-index-jsx-84fd1deb30da63926e70.js.map"],"children":{},